V1,V2,V3,V4,V5,V6,V7,V8,V9,V10,V11,V12,V13,V14,V15,V16,V17,V18,V19,V20,V21,V22,V23,V24,V25,V26,V27,V28,V29,V30,V31,V32,V33,V34,V35,V36,V37,V38,V39,V40,V41,V42,V43,V44,V45,V46,V47,V48,V49,V50,V51,V52,V53,V54,V55,V56,V57,V58,V59,V60,V61,V62,V63,V64,V65,V66,V67,V68,V69,V70,V71,V72,V73,V74,V75,V76,V77,V78,V79,V80,V81,V82,V83,V84,V85,V86,V87,V88,V89,V90,V91,V92,V93,V94,V95,V96,V97,V98,V99,V100,V101,V102,V103,V104,V105,V106,V107,V108,V109,V110,V111,V112,V113,V114,V115,V116,Y
0,0,0,0,1,0,0,0,0,0.0,0,1.860615095526515,-0.09820007509459042,1,0,0,0.0,0,0,0,0.0,0,0,0,0,-0.01046510622623468,0,0,0,1,0.0987342881373776,0.0,0,0,0,1.307994330984149,0,0,0,0,0,1,0,1,0,0,-0.08277727382934322,0,0,0,0,0.0,0,0,0,0,1.60937275120579,0,0,0,0,0,0,0,0,0,0,0,1.676674684445471,0,0,0,0,0,0,0,0,0,0,1,0,0,0,0,0,0,-0.03751034374101057,0,1,1.100625414787287,1.0,0,0,0,0,0,0,0,0,0,0,0,0,0,0,0,0,0,0,1.208519490716935,0,0,0,0,0,0,0
0,0,0,0,0,0,0,0,0,0.0,0,-0.3061521585499928,-0.252193569636529,1,0,0,0.0,0,0,0,0.0,0,0,0,0,-0.1364137361245854,0,0,0,1,-0.2562027395454174,0.0,0,0,0,-0.5327614374143812,0,0,0,0,0,1,0,1,0,0,-0.2525880195821297,0,0,0,0,0.0,0,0,0,0,-0.4169344221645954,0,0,0,0,0,0,0,0,0,0,1,0.00293268970180479,0,0,0,0,0,0,0,0,0,0,1,0,0,0,0,0,1,-0.04904016446116344,0,0,-0.603043857532001,0.0,0,0,0,0,0,0,0,0,0,0,0,0,0,0,0,0,0,0,-0.08993889259433263,0,0,0,0,0,0,0
0,0,0,0,0,0,0,0,0,0.0,0,-0.7619376660506267,-0.1585733168679878,1,0,0,0.74652105,0,1,0,0.0,0,0,0,0,0.1155356580075368,0,0,0,1,-0.3007477371581914,0.0,0,0,0,-0.7340882778282329,0,0,0,0,0,0,0,1,0,0,-0.151982772138311,0,0,0,0,0.0,1,0,0,0,-0.6049313165377066,0,0,0,0,0,0,0,0,0,0,0,-0.6527830814133452,0,1,0,0,0,0,0,0,0,0,1,0,0,0,0,0,0,-0.08137541835759306,0,0,-0.603043857532001,0.66536179,0,0,0,0,0,0,0,0,0,0,1,0,0,0,0,0,0,0,-0.4590309481327499,0,0,0,0,0,0,1
0,0,0,0,0,0,0,0,0,0.0,0,-0.7631130618481965,-0.2183202824416511,0,0,0,0.0,0,0,0,0.0,0,0,0,0,-0.0827203424265528,0,0,0,1,-0.07764136613940892,0.0,0,0,0,-0.7153492914651421,0,0,0,0,0,1,0,1,0,0,-0.1023868554000624,0,0,0,0,0.0,1,0,0,0,-0.8874306102940562,0,0,0,0,0,0,0,0,0,0,0,-1.379458179577076,0,0,0,1,0,0,0,0,0,0,1,0,0,0,0,0,0,-0.1442484012831204,0,0,-0.603043857532001,0.0,0,0,0,0,0,0,0,0,0,0,0,0,1,0,0,0,0,0,-0.2840655033182712,0,0,0,0,0,0,0
0,0,0,0,0,0,0,0,0,0.0,0,-0.9863213880426214,-0.1604501982346816,0,0,0,0.0,0,1,0,0.0,0,0,0,0,0.09960551675496852,0,0,0,1,-0.06790954362089553,0.0,0,0,0,-1.181007429630028,0,0,0,0,0,0,0,1,0,0,-0.1631086116192422,0,0,0,0,0.0,0,1,0,0,-0.8041368113739478,0,0,0,0,0,0,0,0,0,0,0,-1.332383249350821,0,0,0,0,0,0,0,0,0,0,0,1,0,0,0,0,0,-0.0253944773781879,0,0,-0.762762851811934,0.0,0,0,0,0,0,0,0,0,0,0,1,0,0,0,0,0,1,0,-0.9808239709568382,0,0,0,0,0,0,0
0,0,0,0,0,0,0,0,0,0.0,0,1.234708217692701,-0.348390725399889,0,0,0,0.0,0,1,0,0.0,0,0,0,0,-0.07362095713261588,0,0,0,1,0.01313343513305107,0.0,0,0,0,1.753506508583386,0,0,0,0,0,0,0,1,0,0,-0.1440674811250111,0,0,0,0,0.0,0,1,0,0,1.475769040042752,0,0,0,0,1,0,0,0,0,1,0,1.193336893811011,0,0,0,0,0,0,0,0,0,0,1,0,0,0,0,0,0,-0.127951362345345,0,0,1.792741056666998,0.0,0,0,0,0,0,0,0,0,0,0,0,0,0,0,0,0,0,0,-0.8724681360675836,0,0,0,0,0,0,0
0,0,0,0,0,0,0,0,0,0.0,0,0.1012105034106035,-0.2606114317038858,0,0,0,0.0,0,0,0,1.0,0,0,0,0,0.0433805392358574,0,0,0,1,-0.03751747951852882,0.0,0,0,0,-0.06114078176146608,0,0,0,0,0,1,0,1,0,0,-0.2010940001843325,0,0,0,0,0.0,0,1,0,0,-0.2510248637229691,0,0,0,0,0,0,0,0,0,0,0,0.2493117579858437,0,0,0,0,0,0,0,0,0,0,1,1,0,0,0,0,0,-0.2666815928476907,0,0,-0.336845533732112,0.0,0,0,0,0,0,0,0,0,0,0,1,0,0,0,0,0,1,0,-0.258732409063406,0,0,0,0,0,0,0
0,0,0,0,0,0,0,0,0,0.0,0,0.2555221700053542,-0.2331258368886717,0,0,0,0.0,1,1,0,0.0,0,0,0,0,-0.1347492818610529,0,0,0,1,-0.1778449729729352,0.0,0,0,0,-0.3493398150545274,0,0,0,0,0,0,0,1,0,0,-0.2171710505344041,0,0,0,0,0.0,1,0,0,0,-0.07275080679901016,0,0,0,0,0,1,0,0,0,0,0,0.7518025965151586,0,0,0,0,0,0,0,0,0,0,1,0,0,0,0,0,0,-0.2090147156793716,0,0,-0.336845533732112,0.0,0,0,0,0,0,0,0,0,0,0,0,0,0,0,0,0,0,0,-1.369849442796627,0,0,0,0,0,0,0
0,0,0,0,0,0,0,0,0,0.0,0,0.6810052041818936,-0.1924573811660237,0,0,0,0.0,0,1,0,0.0,0,0,0,0,-0.02771351402183711,0,0,0,1,-0.2394257489680369,0.0,0,0,0,0.7301660064702093,0,0,0,0,0,0,1,1,0,0,-0.2174981223582065,0,0,0,0,0.0,0,0,0,0,0.6887592524116043,0,0,0,0,1,0,0,0,0,0,0,1.016102415269025,0,0,0,0,0,0,0,0,0,0,1,0,0,0,0,0,0,-0.0663307602409847,0,1,0.5149891024275317,0.0,0,0,0,0,0,0,0,0,0,0,0,0,0,0,0,0,0,0,-0.5737568812646374,0,0,0,0,0,0,0
0,0,0,0,0,0,0,0,0,0.0,0,-0.2261489334817116,-0.2352263495327181,0,0,0,0.0,1,1,0,0.0,1,0,0,0,0.0788845903456989,0,0,0,1,-0.02031365528612526,0.0,0,0,0,-0.1970659330416481,0,0,0,0,0,0,0,1,0,0,-0.2810352303677726,0,0,0,0,0.0,0,1,0,0,-0.5779444731192127,0,0,0,0,0,0,0,0,0,0,0,0.1216821526597932,0,0,0,0,0,0,0,0,0,0,1,0,0,0,0,0,0,-0.1741587706796409,1,0,-0.336845533732112,0.0,0,0,0,0,0,0,0,0,0,0,0,0,0,0,0,0,0,0,0.2482669847143912,0,0,0,0,0,0,0
0,0,0,0,0,0,0,0,0,0.0,0,-0.8237748431519002,-0.2311137276076358,1,0,0,0.0,0,1,0,0.0,1,0,0,0,-0.1136853061975789,0,0,0,1,-0.177055367133753,0.0,0,0,0,-1.224929234677341,0,0,0,0,0,0,0,1,0,0,-0.2106011679893212,0,0,0,0,0.0,0,0,0,0,-0.7759629680984438,0,0,0,0,0,0,0,0,0,0,0,-1.436982478388601,0,0,0,0,0,0,0,0,1,0,0,0,0,0,0,0,0,-0.1820147214667079,0,0,-0.762762851811934,0.0,0,0,0,0,0,0,0,0,0,0,1,0,0,0,0,0,0,0,-0.8636901435356192,0,0,0,0,0,0,0
0,0,0,0,0,0,0,0,0,0.0,0,-0.8364185509298568,-0.1995288813629857,0,0,0,0.0,0,0,0,0.0,0,0,0,0,0.05874372848622326,0,0,0,1,-0.09684484139527219,0.0,0,0,0,-0.2055474256825979,0,0,0,0,0,1,0,1,0,0,-0.02271072692043208,0,0,0,0,0.0,0,0,0,0,-0.6096439864810952,0,0,0,0,0,0,0,0,0,0,1,-0.9381292316880641,0,0,0,1,0,0,0,0,0,0,1,0,0,0,0,0,0,0.03466082544005394,0,0,-0.336845533732112,1.0,0,0,0,0,0,0,0,0,0,0,0,0,0,0,1,0,0,0,-1.315339982533301,0,0,0,0,0,0,0
0,0,0,0,0,0,0,0,0,0.0,0,2.830756001082409,-0.206539333575474,0,0,0,0.0,0,0,0,1.0,0,0,0,0,-0.012034996837326,0,0,0,1,-0.00819598516030702,0.0,0,0,0,1.689775152705954,0,1,0,0,0,1,1,1,0,0,-0.1377042546074378,0,0,0,0,0.0,0,0,0,0,2.368008727328793,0,0,0,0,0,0,0,0,0,0,0,2.310025493900142,0,0,0,0,0,0,0,0,0,0,1,1,0,0,0,0,0,-0.1384328397861311,0,0,1.792741056666998,0.0,0,0,0,0,0,0,0,0,0,0,0,0,0,0,0,0,0,0,0.330010450961242,0,0,0,0,0,0,0
0,1,0,0,0,0,0,0,0,0.0,0,0.3573054048824676,-0.2242987872691457,0,0,0,0.0,0,1,0,0.0,0,0,0,0,-0.006897670017057808,0,0,0,1,0.3871808272268349,0.0,0,0,0,-0.1601394971491206,0,0,0,1,1,0,0,1,0,0,0.4068640977016909,0,0,0,0,0.0,0,1,0,0,-0.2297933479278997,0,0,0,0,0,0,0,0,0,0,0,0.565960453242382,0,0,0,0,0,0,0,0,0,0,1,0,0,0,0,0,0,0.09993650162511117,0,0,-0.336845533732112,0.0,0,0,0,0,0,0,0,0,0,0,0,0,0,0,0,0,0,0,0.9876552787840446,0,0,0,0,1,0,1
0,0,0,0,0,0,0,0,0,0.0,0,-0.2727460425123557,-0.2776250268044876,0,0,0,0.0,0,1,0,0.0,0,0,0,0,-0.04641054247387413,0,0,0,1,-0.04492654708334713,0.0,0,0,0,-0.5340407309381668,1,0,0,0,0,0,0,1,0,0,-0.2155553969373857,0,0,0,0,0.0,0,0,1,0,-0.5206298946447033,0,0,0,0,0,0,0,0,0,0,1,-0.1083541241886143,0,0,0,0,0,0,0,0,0,0,1,0,0,0,0,1,0,-0.178874766600296,0,0,-0.603043857532001,0.0,0,0,0,0,0,0,0,0,0,0,0,0,0,0,0,0,0,1,0.5131868335043502,0,0,0,0,0,0,0
0,0,0,0,0,0,0,0,0,0.0,0,-0.7379659039605988,-0.2281726502827882,0,1,0,0.0,0,0,0,0.0,0,0,0,0,-0.006360210461617626,0,0,0,1,-0.0245889664725026,0.0,0,0,0,-1.04904500973154,0,0,0,0,0,1,1,1,0,0,-0.01967440611509432,0,0,0,0,0.0,0,0,0,0,-0.908245542229088,0,0,0,0,1,0,0,0,0,0,0,-0.9378367977711116,0,0,0,0,0,0,0,0,0,0,1,0,0,0,0,0,0,-0.2007036652788676,0,0,-0.762762851811934,0.0,0,0,0,0,0,0,0,0,0,0,0,0,1,0,0,0,0,0,-1.116574107637104,0,0,0,0,0,0,0
0,1,0,0,0,0,0,0,0,0.0,0,-0.7823883888842861,-0.1490625086208788,0,0,0,0.0,0,0,0,0.0,0,0,0,0,0.05120453465939599,0,0,0,1,-0.2253007970346619,0.0,0,0,0,-0.2205397795339554,0,0,0,0,0,1,0,1,0,0,-0.1215438173567057,0,0,0,0,0.0,0,0,0,0,-0.5498104113515929,0,0,0,0,0,0,0,0,0,0,0,-0.8750795814748753,0,0,0,1,0,0,0,0,0,0,1,0,0,0,0,0,1,-0.2345428340271877,0,0,-0.336845533732112,1.0,0,0,0,0,0,0,0,0,0,0,0,0,0,0,0,0,0,0,-0.7184638656364877,0,0,0,0,1,0,0
0,0,0,0,1,0,0,0,0,0.0,0,-0.08151344077324363,-0.03379585377449507,1,0,0,0.0,0,1,0,0.0,0,0,0,0,0.06991092610770555,0,0,0,1,-0.0865636570086377,0.0,0,0,0,-0.08296806338154561,0,0,0,0,0,0,0,1,0,0,-0.154943085759668,0,0,0,0,0.0,0,0,0,0,-0.07523709942722762,0,0,0,1,0,0,0,0,0,0,0,0.06642586103806644,0,0,0,0,0,0,0,0,0,0,1,0,0,0,0,0,0,-0.07925166648864393,0,0,-0.336845533732112,0.0,0,0,0,0,0,0,0,0,0,0,0,0,0,0,0,0,0,0,1.205133036987726,0,0,0,0,0,0,0
0,0,0,0,0,0,0,0,0,0.0,0,-0.5906160159484878,-0.197073844055416,0,0,0,0.0,0,0,0,0.0,0,0,0,0,-0.08477795832815062,0,0,0,1,-0.07136849115610536,0.0,0,0,0,-0.7949309978543686,0,0,0,0,0,1,0,1,0,0,0.05665310338998415,0,0,0,0,0.0,1,1,0,0,-0.6162980751396335,0,0,0,0,0,0,0,0,0,0,0,-0.4143023499351031,0,0,0,0,0,0,0,0,0,0,1,0,0,0,0,0,0,-0.08995630325422768,0,0,-0.603043857532001,1.0,0,0,0,0,0,0,0,0,0,0,0,0,0,0,1,0,0,0,-1.246459354619245,0,0,0,0,0,0,0
0,0,0,0,0,0,0,0,0,0.0,0,-0.5213914420029666,-0.2232975921984464,0,0,0,0.0,0,1,0,0.0,0,0,0,0,0.004214229735377491,0,0,0,1,-0.03097501594377976,0.0,0,0,0,-0.05131112916916147,0,1,0,0,0,0,0,1,0,0,0.08943146135958671,0,0,0,0,0.0,0,0,0,0,-0.2408638373087732,0,0,0,0,1,0,0,0,0,0,0,-0.3652389419422288,0,0,0,1,0,0,0,0,0,0,0,0,0,0,0,0,0,0.1139049358993761,0,0,-0.336845533732112,0.0,0,0,0,0,0,0,1,0,0,0,0,0,0,0,0,0,0,0,1.610044839096273,0,0,0,0,0,0,0
0,0,0,0,0,0,0,0,0,0.0,0,-0.1828741777111302,-0.1438368954847,0,0,0,0.0,0,0,0,0.0,0,0,0,0,-0.06393581982222865,0,0,0,1,-0.03290397270344982,0.0,0,0,0,-0.2141006250495321,0,0,0,0,0,1,1,1,0,0,-0.02837245736668007,0,0,0,0,0.0,0,0,0,0,-0.3184002649552406,0,1,0,0,0,0,0,0,0,1,0,-0.02467993007879989,0,0,0,0,0,0,0,0,0,0,1,0,0,0,0,0,0,0.03142512151072659,0,0,-0.336845533732112,0.0,0,0,0,0,0,0,0,0,0,0,0,0,0,0,0,0,0,0,1.703270635245718,0,0,0,0,0,0,0
0,0,0,0,1,0,0,0,0,0.0,0,0.1232254907093599,6.348044567966251,1,0,0,0.0,0,0,0,0.0,0,0,0,0,-0.05425450464153332,1,0,0,1,0.2576322192337757,0.0,0,0,0,0.3164049103138203,0,0,0,1,0,1,0,1,0,0,0.5489595688935092,0,0,0,0,0.0,0,0,0,0,0.08811953113977485,0,0,0,0,0,0,0,0,0,0,0,0.4218020715597115,0,0,0,0,0,0,0,0,0,0,0,0,0,0,0,0,0,0.3954350013548307,0,0,0.0358321195877319,0.0,1,0,0,0,0,0,0,0,0,0,0,0,0,1,0,0,0,0,-1.015152119203931,0,0,0,0,0,0,1
0,0,0,0,0,0,0,0,0,0.0,0,0.5543630546518661,-0.2829910074703534,0,0,0,0.74652105,0,0,0,0.0,1,0,0,0,-0.1450701826714365,0,0,0,1,-0.1174653665868722,0.0,0,0,0,1.400241165477738,0,0,0,0,0,1,0,1,0,0,-0.1741562609744465,0,0,0,0,0.0,0,0,0,0,0.9552876907761623,0,0,0,0,0,0,1,0,0,0,0,0.5734196370421781,0,0,0,1,0,0,0,0,0,0,1,0,0,0,0,0,0,-0.03478065763951921,0,0,1.100625414787287,0.66536179,0,0,0,0,0,0,0,0,0,0,0,0,0,0,0,0,0,0,-0.7464724180546567,0,0,0,0,0,0,0
0,0,0,0,0,0,0,0,0,0.0,0,-0.6419331639253079,-0.2529786966955025,1,1,0,0.0,0,1,0,0.0,0,0,0,0,0.1257714659923756,0,0,0,1,-0.03856572427554725,0.0,0,0,0,-1.149186672696241,0,0,0,0,0,0,0,1,0,0,0.06036765173681689,0,0,0,0,0.0,0,0,0,0,-0.6428442743937195,0,0,0,0,0,0,0,0,0,0,0,-0.7973364462591177,0,0,0,0,0,0,0,0,0,0,1,1,0,0,0,0,0,-0.1612682180840775,0,0,-0.762762851811934,0.0,0,0,0,0,0,0,0,0,0,0,0,0,1,0,0,0,0,0,-0.3876568860526569,0,0,0,0,0,0,0
0,0,0,0,1,0,0,0,0,0.0,0,0.2019533292575792,-0.2307290017588536,0,0,0,0.0,0,0,0,0.0,0,0,0,0,0.1093144957705878,0,0,0,1,-0.03953243657900801,0.0,0,0,0,0.8414572379953957,0,0,0,0,0,1,0,1,0,0,-0.1240205771064465,0,0,0,0,0.0,0,0,0,0,0.5468626331433388,0,0,0,0,0,0,0,0,0,0,0,0.2731946204047047,0,0,0,1,0,0,0,0,0,0,1,0,0,0,0,1,0,-0.002751212354885721,0,0,0.5149891024275317,0.0,0,0,0,0,0,0,0,0,0,0,0,0,0,0,0,0,0,0,-0.7848704274420581,0,0,0,0,0,0,0
0,0,0,0,0,0,0,0,0,0.0,0,-0.6177160389269614,-0.1809744060902397,0,0,0,1.0,0,1,0,0.0,0,0,0,0,-0.02163143119100284,0,0,0,1,-0.00901128584418262,0.0,0,0,0,-0.3228059899496837,0,0,0,0,0,0,0,1,0,0,0.7828013344807438,0,0,0,0,0.0,1,0,0,0,-0.5229765786329744,0,0,0,0,0,0,0,0,0,0,0,-0.6354280726560555,0,0,0,1,0,0,0,0,0,0,1,0,0,0,0,0,0,0.4749339605794786,0,0,-0.336845533732112,0.0,0,0,0,0,0,0,0,0,0,0,0,0,0,0,1,0,0,0,1.354640413776267,0,0,0,0,0,0,0
0,0,0,0,0,0,0,0,0,0.0,0,-0.1955338910068152,-0.2922916900346245,0,0,0,0.0,0,1,0,0.0,0,0,0,0,-0.1902831023071951,0,0,0,1,0.01009954310499116,0.0,0,0,0,-0.2107245101641588,0,0,0,0,0,0,0,1,0,0,-0.06768573042320727,0,0,1,0,0.0,0,0,0,0,-0.2198202916358285,0,0,0,0,1,1,0,0,0,0,0,-0.01136893469260004,0,0,0,0,0,0,0,0,0,0,1,0,0,0,0,0,0,-0.08552038108787047,0,0,-0.336845533732112,0.0,0,0,0,0,0,0,0,0,0,0,0,0,0,0,0,0,0,0,1.129713724432311,0,0,0,0,0,0,0
0,0,0,0,0,0,0,0,0,0.0,0,1.477935637375079,-0.1952530196405815,0,0,0,0.0,0,0,0,0.0,0,1,0,0,0.1514367032486571,0,0,0,1,-0.1252793575322302,0.0,0,0,0,1.30896189313978,0,0,0,0,0,1,0,1,0,0,-0.2639587440150647,0,0,0,0,0.0,0,1,0,0,1.060917583571056,0,0,0,0,1,0,0,0,0,0,0,1.275252722573484,0,0,0,0,0,0,0,0,0,0,0,0,0,0,0,0,0,0.08293409631810575,0,1,1.100625414787287,0.0,0,0,0,0,0,0,0,0,0,0,0,0,0,0,0,0,0,0,-0.02960650613253764,0,0,0,0,0,0,0
0,1,0,0,0,0,1,0,0,0.0,0,-0.5230737801285371,-0.1545938065596341,0,0,0,0.0,0,0,0,0.0,0,0,0,0,-0.1838530748733851,0,0,0,1,0.07211943478916495,0.0,0,0,0,-0.7652011957620674,0,1,0,0,0,1,0,1,0,0,-0.2343545192818068,0,0,0,0,0.0,0,0,1,0,-0.5570223123313199,0,0,0,0,0,0,0,0,0,0,0,-0.4410429854489218,0,0,0,0,0,0,0,0,0,0,1,0,0,0,0,0,0,-0.1483802129314775,0,0,-0.603043857532001,0.0,0,0,0,0,0,0,0,0,0,0,0,0,0,0,0,0,0,1,0.3941118137458463,0,0,0,0,1,0,0
0,0,0,0,0,0,0,0,0,0.0,0,0.5256654407514463,-0.1074509748325926,0,0,0,0.0,0,1,0,0.0,0,0,0,0,0.0893678882789634,0,0,0,1,-0.1210994783226362,0.0,0,0,0,1.14960014233799,0,0,0,0,0,0,0,1,0,0,-0.1468476593148663,0,0,1,0,0.0,0,0,1,0,1.001154235670797,0,0,0,0,0,0,0,0,0,0,0,0.8219775797988367,0,0,0,0,0,0,0,0,0,0,0,1,0,1,0,0,0,-0.01205153002248108,0,0,1.100625414787287,0.0,0,0,0,0,0,0,0,0,0,0,0,0,0,0,0,0,0,1,-1.482849546239493,0,0,0,0,0,0,0
0,0,0,0,1,0,0,0,0,0.0,0,0.6101595210743682,-0.3988425545906158,0,0,0,0.0,0,0,0,0.0,0,0,0,0,-0.1545783849600045,0,0,0,1,-0.2694430554165053,0.8710213,0,0,0,0.9037726593218229,0,0,0,0,0,1,0,1,0,0,-0.1533883895071944,0,0,0,0,0.0,0,0,0,0,0.6273021861632574,0,0,0,0,0,0,1,0,0,0,0,0.9193606360033993,0,0,0,1,0,0,0,0,0,0,1,0,0,0,0,0,0,-0.2642561470824613,0,0,0.5149891024275317,0.49124525,0,0,0,0,0,0,0,0,0,0,0,0,0,0,0,0,0,0,-0.9134632002298807,0,0,0,0,0,0,0
0,0,0,0,1,0,0,0,0,0.0,0,0.6577540698888361,-0.2174082194431179,0,0,0,0.67518236,0,0,0,0.73765085,0,0,0,0,-0.1150401373385023,0,0,0,1,-0.388840104444178,0.0,0,0,0,0.9438627158113484,0,0,0,0,0,1,0,1,0,0,-0.05914975204610387,0,0,0,0,0.0,0,0,0,0,0.4753703333945742,0,0,0,0,0,1,0,0,0,0,0,0.7134386832243955,0,0,0,0,0,0,0,0,0,0,1,0,0,0,0,0,1,-0.02054637388207857,0,0,0.5149891024275317,0.0,0,0,0,0,0,0,0,0,0,0,0,0,0,1,0,0,0,0,0.1159109536797099,0,0,0,0,0,0,0
0,0,1,0,0,0,0,0,0,0.0,0,0.1772438699738459,0.1068872574297155,0,0,0,0.0,0,1,0,0.0,0,0,0,0,-0.1619488651136251,0,0,0,1,-0.203072523883672,0.0,0,0,0,0.2204686499074299,0,0,0,0,0,0,0,1,0,0,-0.2607370702574969,0,0,0,0,0.0,1,0,0,0,0.08076684121827636,0,0,0,0,0,0,0,0,0,0,0,0.2407736053353305,0,0,0,0,0,0,0,0,0,0,1,0,0,0,0,0,0,-0.09169555326331967,0,0,0.0358321195877319,0.0,0,0,0,0,0,0,0,0,0,0,0,0,0,0,0,0,0,1,0.06460212391915796,0,0,1,0,0,1,0
0,0,0,0,0,0,0,0,0,0.73097803,0,-0.6077297402038088,-0.2632758939241637,0,0,0,0.0,0,1,0,0.0,0,0,0,0,-0.01042314197456327,0,0,0,1,0.329590813743699,0.0,0,0,0,-0.5982527087593278,0,0,0,0,0,0,0,1,0,0,0.4216003121671453,0,0,0,0,0.68240099,1,0,0,0,-0.8148458451537857,0,0,0,1,0,1,0,0,0,0,0,-0.6713636779756295,0,0,0,0,0,0,0,0,0,0,1,0,0,0,0,0,0,0.10934325949769,0,0,-0.603043857532001,0.0,0,0,0,0,0,0,0,0,0,0,0,0,0,0,0,0,0,0,-1.504339580894652,0,0,0,0,0,0,1
0,0,0,0,0,0,0,0,0,0.0,0,-0.7967768921667485,-0.251334306750164,1,0,0,0.0,0,1,0,0.0,0,0,0,0,-0.05376364058286706,0,0,0,1,-0.1114846602514231,0.0,0,0,0,-1.176656372399753,0,0,0,0,0,0,0,1,0,0,-0.06006213788670853,0,0,1,0,0.0,0,0,0,0,-0.6205897401652757,0,0,0,0,1,0,0,0,0,0,0,-0.82835517409426,0,0,0,0,0,0,0,0,0,0,0,0,0,0,0,0,0,0.00707306433321904,0,0,-0.762762851811934,0.0,0,0,0,0,0,0,0,0,0,0,0,0,0,0,0,0,0,0,-0.9056665895255811,0,0,0,0,0,0,0
0,1,0,0,0,0,0,0,0,0.0,0,-0.7643708323368376,3.522341006067006,0,0,0,0.0,0,1,0,0.0,0,0,0,0,-0.008320650215279585,1,0,0,1,-0.1672100795662074,0.0,0,0,0,-1.207625998562154,0,0,0,0,0,0,0,1,0,0,-0.02354203513136541,0,0,0,0,0.0,0,0,0,0,-0.8966346488562276,0,0,0,0,0,0,0,0,0,0,0,-1.103771224124057,0,0,0,1,0,0,0,0,0,0,0,0,0,0,0,0,0,-0.05587914627692167,0,0,-0.762762851811934,0.0,1,0,0,0,0,0,0,0,0,0,0,0,0,0,1,0,0,0,0.8970901321852935,0,0,0,0,1,0,1
0,0,0,0,0,0,0,0,0,0.0,0,-0.9795836527167909,-0.02199855103432438,0,0,0,0.0,0,1,0,0.0,1,0,0,0,-0.05284960891290241,0,0,0,1,-0.08386901073203362,0.0,0,0,0,-0.6229200149974151,0,0,0,0,0,0,0,1,0,0,0.007207306171541555,0,0,0,0,0.0,0,0,0,0,-0.7623124343741163,0,0,0,0,0,0,0,0,0,0,0,-1.249792836204926,0,0,0,1,0,0,0,0,0,0,1,0,0,0,0,0,1,-0.1174619236759709,0,0,-0.603043857532001,0.0,0,0,0,0,0,0,0,0,0,0,0,0,0,0,0,0,0,0,-0.6435640984491167,0,0,0,0,0,0,0
0,0,0,0,0,0,0,0,0,0.0,0,-0.776310434981924,-0.2835600903406266,0,0,0,0.0,0,1,0,0.0,0,0,0,0,0.00991713799306558,0,0,0,1,0.02824160433090835,0.0,0,0,0,-0.8761110263985112,0,0,0,0,0,0,0,1,0,0,-0.1458804791518405,0,0,0,0,0.0,0,0,0,0,-0.7107111095688072,0,1,0,0,0,1,0,0,0,0,0,-1.033335819663772,0,0,0,0,0,0,0,0,0,0,1,0,0,0,0,0,0,-0.1125141718232813,0,1,-0.603043857532001,0.0,0,0,0,0,0,0,0,0,0,0,0,0,0,0,0,0,0,0,-0.9117715716196967,0,0,0,0,0,0,0
0,0,0,0,0,0,0,0,0,0.0,0,1.329165753244782,-0.1311505666465141,0,0,0,0.0,0,0,0,0.0,0,0,0,0,-0.0860214958439254,0,0,0,1,-0.2167935758239732,0.0,0,0,0,1.260243789087611,0,0,0,1,0,1,0,1,0,0,-0.09361800690531726,0,0,0,0,0.0,0,0,0,0,1.400445385529058,0,1,0,0,0,0,0,0,0,0,0,1.553707045421117,0,0,0,1,0,0,0,0,0,0,1,0,0,0,0,0,0,-0.00688021665350845,1,0,1.100625414787287,0.0,0,0,0,0,0,0,0,0,0,0,0,0,0,0,0,0,0,0,-0.9604990522503857,0,0,0,0,0,0,0
0,1,0,0,0,0,0,0,0,0.0,1,-0.7866260979725783,-0.1561744402043664,0,0,0,0.0,0,1,0,0.0,0,0,0,0,-0.09989101667837177,0,0,0,1,-0.0279761383251611,0.0,0,0,0,-1.011002436819049,0,0,0,0,0,0,0,1,0,0,0.06123638681627015,0,0,0,0,0.0,0,0,0,0,-0.5732848179659678,0,0,0,0,0,0,0,0,0,0,0,-1.038489576644746,0,0,0,1,0,0,0,0,0,0,0,0,0,0,0,0,0,-0.2683142360173866,0,0,-0.762762851811934,0.0,0,0,0,0,0,0,0,0,0,0,0,0,0,0,0,0,0,0,1.020512498183726,0,0,0,0,1,0,0
0,0,1,0,0,0,0,0,0,0.0,0,-0.6841916496526169,-0.2833593802738037,0,0,0,0.0,0,1,0,0.0,0,0,0,0,-0.09416184040419864,0,0,0,1,-0.007644311188471031,0.0,0,0,0,-1.216722576595936,0,0,0,1,0,0,0,1,0,0,-0.2555786597620539,0,0,0,0,0.0,1,0,0,0,-0.7718109760583733,0,0,0,0,0,0,0,0,0,0,0,-1.146477242023883,0,0,0,0,0,0,0,0,0,0,0,0,0,0,0,0,0,-0.164102912766814,0,0,-0.762762851811934,0.0,0,0,0,0,0,0,0,0,0,0,0,0,0,0,0,0,0,1,0.7285111224190736,0,0,0,0,0,1,0
0,0,0,0,0,1,0,0,0,0.0,0,-0.3985380914768907,-0.1151404477904643,0,0,0,0.0,0,0,0,0.0,0,0,0,0,-0.07306673742383105,0,0,0,1,-0.02246786739901482,0.0,0,0,0,-0.2952486738004304,0,0,0,0,0,1,0,1,0,0,-0.05259940381596271,0,0,1,0,0.0,0,1,0,0,-0.4261231370897934,0,0,0,0,0,0,0,0,0,0,0,-0.1328084200933741,0,0,0,0,0,0,0,0,0,0,1,1,0,0,0,0,0,0.1762615144296167,0,0,-0.336845533732112,0.0,0,0,0,0,0,0,0,0,0,0,0,0,0,0,0,0,0,0,-0.2853624584185376,0,0,0,0,0,0,0
0,0,0,0,0,0,0,0,0,0.0,0,-0.8944779919461747,-0.1288099929195331,0,0,0,0.0,0,1,0,0.0,0,0,0,0,0.02092290461608027,0,0,0,1,-0.00503153499506849,0.0,0,0,0,-1.19460278860543,0,0,0,0,0,0,1,1,0,0,-0.1599343162130411,0,0,0,0,0.0,0,0,0,0,-0.8483476285914989,0,0,0,0,0,0,0,0,0,0,1,-1.278027317874796,0,0,0,0,0,0,0,0,0,0,0,0,0,0,0,0,0,-0.2538002254127842,0,1,-0.762762851811934,0.0,0,0,0,0,0,0,0,0,0,0,0,0,0,0,0,0,0,0,-0.9737379171816529,0,0,0,0,0,0,0
0,1,0,0,0,0,0,0,0,0.0,0,-0.6731739695701976,-0.3587911647584303,0,0,0,0.0,0,1,0,0.0,0,0,0,0,-0.02244995305825084,0,0,0,1,-0.04728604843542231,0.0,0,0,0,-0.774811147148847,0,0,0,0,0,0,0,1,0,0,-0.03175719781893695,0,0,0,0,0.0,0,0,1,0,-0.7216332576668527,0,0,0,0,0,0,0,0,0,0,0,-0.7820628019471844,0,0,0,0,0,0,0,0,0,0,1,0,0,0,0,1,0,0.03259830211120712,0,0,-0.603043857532001,0.0,0,0,0,0,0,0,0,0,0,0,0,0,0,0,0,0,0,1,1.167555097685481,0,0,0,0,1,0,0
0,0,0,0,0,0,0,0,0,0.0,0,1.560966238638359,-0.4655485899919982,0,0,0,0.0,0,1,0,0.77485936,1,0,0,0,0.0593039741888605,0,0,0,1,-0.1178255767447428,0.0,0,0,0,1.314738858156054,0,0,0,0,0,0,0,1,0,0,-0.1689004378485702,0,0,0,0,0.0,0,1,0,0,1.461492891359373,0,0,0,0,0,0,1,0,0,0,0,1.574275786605415,0,0,0,0,0,0,0,0,0,0,1,0,0,0,0,0,0,-0.1795190483813145,0,0,1.100625414787287,0.63213367,0,0,0,0,0,0,0,0,0,0,0,0,0,0,0,0,0,0,-1.592502824362654,0,0,0,0,0,0,0
0,0,0,0,0,0,0,0,0,0.0,0,-0.7255659258999024,-0.1834530713640379,1,0,0,0.0,0,1,0,0.0,1,0,0,0,-0.03376820740099408,0,0,0,1,-0.1246257899200259,0.0,0,0,0,-1.077700669244314,1,0,0,0,0,0,0,1,0,0,0.4690849711765439,0,0,0,0,0.0,0,0,0,0,-0.6430237793898785,0,0,0,0,0,0,0,0,0,0,0,-0.5157201476952766,0,0,0,0,0,0,0,0,0,0,0,0,0,0,0,0,0,0.03579093188035521,0,0,-0.762762851811934,0.0,0,0,0,0,0,0,0,0,0,0,0,0,0,0,0,0,0,0,1.551479408189793,0,0,1,0,0,0,0
0,0,0,0,0,0,0,0,0,0.0,0,-0.09103015639626147,-0.3544110643402387,0,0,0,0.0,1,0,0,0.0,0,0,0,0,-0.1153555242054144,0,0,0,1,-0.08558285396650302,0.0,0,0,0,0.8663045015347232,0,0,0,0,0,1,0,1,0,0,-0.2239633877209141,0,0,0,0,0.0,0,0,0,0,0.05877441800089687,0,0,0,0,1,1,0,0,0,0,0,0.04073866366561214,0,0,0,0,0,0,0,0,0,0,1,0,0,0,0,0,0,-0.2142793725279787,0,0,0.5149891024275317,0.0,0,0,0,0,0,0,0,0,0,0,0,0,0,0,0,0,0,0,-1.287130477693269,0,0,0,0,0,0,0
0,0,0,0,0,0,0,0,0,0.0,0,1.780626868824045,-0.3079882224310688,0,0,0,0.0,0,1,0,0.0,1,0,0,0,0.001935482558593965,0,0,0,1,-0.2043753802354132,0.0,0,0,0,1.645619457478613,0,0,0,0,0,0,0,1,0,0,-0.195697682215648,0,0,0,0,0.0,0,0,0,0,2.024257753583324,0,0,1,0,0,1,0,0,0,0,0,1.775698903559311,0,0,0,0,0,0,0,0,0,0,1,0,0,0,0,0,0,-0.1180698654496607,0,0,1.792741056666998,0.0,0,0,0,0,0,0,0,0,0,0,0,0,0,0,0,0,0,0,-0.4854370629872155,0,0,0,1,0,0,0
0,0,0,0,0,0,0,0,0,0.0,0,2.030213310681561,-0.3502586977460796,1,0,0,0.55783415,0,0,0,0.0,0,0,0,0,-0.07489093889736964,0,0,0,1,0.02246541699489651,0.0,0,0,0,1.774109943453154,0,0,0,0,0,1,0,1,0,0,-0.1478683828780238,0,0,0,0,0.82995244,0,0,0,0,1.942410154596592,0,1,0,0,0,0,0,0,0,0,0,1.720798220064058,0,0,0,0,0,0,0,0,0,0,1,0,0,0,0,0,1,-0.2687375698477631,0,0,1.792741056666998,0.0,0,0,0,0,0,0,0,0,0,0,0,0,0,0,0,0,0,0,-0.6727087525169145,0,0,0,0,0,0,0
0,1,1,0,0,0,0,0,0,0.0,0,0.2709740994799082,-0.2164222961753987,0,0,0,0.0,0,0,0,0.0,0,0,0,0,-0.01366026337366796,0,0,0,1,0.07941460996801665,0.0,0,0,0,0.5164804506223466,0,0,0,0,0,1,0,1,0,0,0.0004839344370579368,0,0,0,0,0.0,0,0,0,0,0.2243643089929671,0,0,0,0,0,0,0,0,0,1,0,0.7575614679130789,0,0,0,0,0,0,0,0,0,0,1,0,0,0,0,0,0,-0.04600521230390861,0,0,0.0358321195877319,0.0,0,0,0,0,0,0,0,0,0,0,0,0,0,0,0,0,0,1,-1.487571875676879,0,0,0,0,1,1,0
0,0,0,0,0,0,1,0,0,0.0,0,-0.6674762935386902,-0.1244922331397124,0,0,0,0.0,1,0,0,0.0,0,0,0,0,0.01341761736635295,0,0,0,1,-0.1864261030505534,0.0,0,0,0,-1.184393009384672,0,0,0,0,0,1,0,1,0,0,-0.2088249130070879,0,0,0,0,0.0,0,1,0,0,-0.8279700843304466,0,0,0,0,0,0,0,0,0,0,0,-0.9594880082421767,0,0,0,0,0,0,0,0,0,0,1,1,0,0,0,0,0,-0.09355067876573307,0,0,-0.762762851811934,0.0,0,0,0,0,0,0,0,0,0,0,0,0,0,0,0,0,0,0,1.423688465486555,0,0,0,0,0,0,0
